{"i":1000,"val_loss_history":[1.7233564772389],"val_loss_history_it":[1000],"forward_backward_times":{},"opt":{"max_epochs":50,"checkpoint_every":1000,"batch_size":50,"memory_benchmark":0,"init_from":"","grad_clip":5,"model_type":"lstm","lr_decay_every":5,"print_every":1,"wordvec_size":64,"seq_length":50,"input_json":"my_data.json","num_layers":2,"input_h5":"my_data.h5","reset_iterations":1,"rnn_size":128,"dropout":0,"checkpoint_name":"cv\/checkpoint","batchnorm":0,"learning_rate":0.002,"speed_benchmark":0,"gpu_backend":"cuda","lr_decay_factor":0.5,"gpu":-1},"train_loss_history":[4.1665406227112,4.0836114883423,3.9530391693115,3.7719213962555,3.5821151733398,3.4812960624695,3.4129915237427,3.4347741603851,3.3561766147614,3.3862409591675,3.3864200115204,3.319283246994,3.3918874263763,3.3096051216125,3.3171546459198,3.3119668960571,3.2731561660767,3.2865145206451,3.2523863315582,3.283224105835,3.2690668106079,3.3130495548248,3.285918712616,3.2662072181702,3.291092634201,3.2297484874725,3.2619857788086,3.2347984313965,3.1751971244812,3.2261502742767,3.1559705734253,3.1797151565552,3.0974688529968,3.1378839015961,3.0957629680634,3.1526806354523,3.1094613075256,3.1093442440033,3.0564029216766,3.0166268348694,2.9904153347015,2.9801151752472,3.0117707252502,2.9711682796478,2.9955058097839,2.9623942375183,2.9304821491241,2.9374907016754,2.930023431778,2.878849029541,2.8328094482422,2.8385148048401,2.8599729537964,2.8314235210419,2.7366268634796,2.7743098735809,2.7448453903198,2.7729065418243,2.7576932907104,2.7273781299591,2.7249233722687,2.6763291358948,2.6688914299011,2.695375919342,2.6327900886536,2.6519336700439,2.6572444438934,2.6522994041443,2.6245808601379,2.6596219539642,2.6418166160583,2.562638759613,2.5542182922363,2.5751287937164,2.5366764068604,2.52170753479,2.5619044303894,2.4999732971191,2.5790505409241,2.5255651473999,2.5183608531952,2.5112926959991,2.500138759613,2.4944360256195,2.5203907489777,2.5329124927521,2.4468533992767,2.5194451808929,2.4607911109924,2.4618217945099,2.44877409935,2.4718012809753,2.4062473773956,2.4262516498566,2.4573817253113,2.4579071998596,2.465877532959,2.3562412261963,2.4111030101776,2.4106645584106,2.4222805500031,2.3967218399048,2.3485388755798,2.397686958313,2.3635280132294,2.3980777263641,2.4192752838135,2.3103194236755,2.3100998401642,2.3456976413727,2.3445444107056,2.4114782810211,2.3964250087738,2.3211951255798,2.372848033905,2.3251609802246,2.4099144935608,2.3095734119415,2.3249216079712,2.3187344074249,2.3035614490509,2.3009045124054,2.3182210922241,2.3108379840851,2.3424925804138,2.3043234348297,2.3074533939362,2.3089575767517,2.2836241722107,2.2738873958588,2.2817702293396,2.2870695590973,2.3005666732788,2.2747056484222,2.2683153152466,2.2961885929108,2.2883112430573,2.2659804821014,2.2735245227814,2.2579231262207,2.2829160690308,2.2703416347504,2.3397705554962,2.2859702110291,2.2098135948181,2.2776532173157,2.2140648365021,2.2709729671478,2.2733418941498,2.2453753948212,2.2392468452454,2.2410397529602,2.2418313026428,2.2418825626373,2.2227606773376,2.2502043247223,2.2189874649048,2.2180919647217,2.2419276237488,2.2391963005066,2.2448153495789,2.2641251087189,2.2141132354736,2.2351431846619,2.1580255031586,2.1937012672424,2.1794385910034,2.1973731517792,2.1906442642212,2.1748044490814,2.2016406059265,2.1610901355743,2.2208342552185,2.2042829990387,2.2282702922821,2.2168848514557,2.173424243927,2.1749482154846,2.2122702598572,2.1683938503265,2.1663727760315,2.1851444244385,2.1480121612549,2.1698825359344,2.1307737827301,2.1315767765045,2.1458384990692,2.1770036220551,2.1393845081329,2.1760454177856,2.1728947162628,2.1566092967987,2.1778607368469,2.1094851493835,2.1483793258667,2.1228921413422,2.1320722103119,2.1315932273865,2.0683655738831,2.1296639442444,2.0877847671509,2.0979073047638,2.0922963619232,2.1922092437744,2.0973429679871,2.1560447216034,2.1646926403046,2.0742545127869,2.112893819809,2.1379523277283,2.1158020496368,2.0742959976196,2.0763399600983,2.0757274627686,2.1267397403717,2.1430065631866,2.0968508720398,2.0850131511688,2.1484024524689,2.1648497581482,2.1164989471436,2.0398397445679,2.0911750793457,2.0582053661346,2.0825006961823,2.0831573009491,2.1588189601898,2.0932223796844,2.0674147605896,2.0794460773468,2.0678944587708,2.0944128036499,2.0297510623932,2.0774953365326,2.072282075882,2.0634944438934,2.0569097995758,2.0558171272278,2.0386693477631,2.0653381347656,2.043426990509,2.036416053772,2.0696885585785,2.0164089202881,2.097508430481,2.0446710586548,2.0579466819763,2.028306722641,2.0709393024445,2.0657901763916,2.1161625385284,2.0946204662323,2.0688736438751,2.0554254055023,2.0811560153961,2.0625782012939,2.0523262023926,2.065141916275,2.0494368076324,2.0374836921692,2.0299155712128,2.063173532486,2.0774586200714,1.991650223732,2.0548412799835,2.0146713256836,2.015022277832,2.0253114700317,2.0249395370483,2.0338575839996,2.0278768539429,2.0326721668243,2.054624080658,2.0198338031769,2.0473303794861,2.0397672653198,2.0150139331818,2.0277044773102,2.0011048316956,2.0190145969391,1.9964866638184,2.0051238536835,1.9879196882248,2.0315217971802,1.9885017871857,2.0234684944153,2.0036680698395,2.0028178691864,2.0000860691071,2.0079412460327,2.0188653469086,1.9853341579437,1.9575632810593,1.9930336475372,2.033768415451,1.961891412735,1.9911864995956,1.9545118808746,2.0649397373199,1.9870731830597,2.021476984024,2.004834651947,1.9708451032639,1.9629708528519,2.042840719223,2.0181133747101,2.0180306434631,2.0200636386871,1.9804064035416,1.9802362918854,1.9671703577042,1.9692095518112,1.962745308876,1.9573646783829,1.9422546625137,1.947444319725,1.9901331663132,1.9718552827835,1.9708650112152,1.9875665903091,1.957420706749,1.9992455244064,1.9688755273819,1.9223883152008,1.9824146032333,1.9773448705673,1.9698640108109,1.9468923807144,1.9268401861191,1.9506677389145,1.9915175437927,1.958891749382,2.0138695240021,1.9793218374252,1.9588521718979,1.9620308876038,1.9426113367081,1.9845097064972,1.9118303060532,1.9341557025909,1.9683994054794,1.9323486089706,1.9185433387756,1.9951478242874,1.9265956878662,2.0254926681519,1.9319123029709,1.9455564022064,1.9350507259369,1.9276838302612,1.9360840320587,1.9236452579498,1.928725361824,1.9512813091278,1.9354736804962,2.0319681167603,2.0157408714294,1.9037797451019,1.9282630681992,1.8885097503662,1.9668638706207,1.9047466516495,1.9379215240479,1.895939707756,1.9155689477921,1.9283931255341,1.8909720182419,1.8827269077301,1.903148651123,1.9051011800766,1.9605427980423,1.9649174213409,1.9082673788071,1.9115666151047,1.8983138799667,1.9006916284561,1.8802419900894,1.8873617649078,1.8652472496033,1.8497204780579,1.925101518631,1.8646117448807,1.8760169744492,1.8473463058472,1.8642085790634,1.8939083814621,1.9050310850143,1.9322439432144,1.8732771873474,1.8991334438324,1.8591467142105,1.9219536781311,1.9354083538055,1.9220212697983,1.8729367256165,1.8690053224564,1.8699851036072,1.8138779401779,1.8537989854813,1.8508373498917,1.8638542890549,1.9141821861267,1.9023834466934,1.8947416543961,1.874936580658,1.8751636743546,1.8340758085251,1.8857370615005,1.8610671758652,1.8675457239151,1.8576605319977,1.8505953550339,1.8651988506317,1.8626861572266,1.8490134477615,1.9443873167038,1.9030256271362,1.823960185051,1.8830899000168,1.893681883812,1.8304418325424,1.8678449392319,1.8615276813507,1.8833001852036,1.9035923480988,1.9090857505798,1.938506603241,1.9179754257202,1.8690334558487,1.8662611246109,1.9153716564178,1.8714425563812,1.869281411171,1.8092732429504,1.8796142339706,1.8712916374207,1.8918353319168,1.8805845975876,1.9287837743759,1.8592005968094,1.8750427961349,1.8914070129395,1.8159372806549,1.8519865274429,1.823336482048,1.8356689214706,1.8277943134308,1.8498666286469,1.8327929973602,1.810675740242,1.8452588319778,1.8541430234909,1.8424607515335,1.7812912464142,1.8114573955536,1.8605133295059,1.8345847129822,1.8162611722946,1.7820566892624,1.7755255699158,1.825047492981,1.8455826044083,1.8334621191025,1.7651596069336,1.7718613147736,1.8279757499695,